arm,content_type,n,pos,question,target,target_kept,n_kept,bytes_in,bytes_out,compressed,head10_kept
on,invoice_ids,20,0,needle,INV-2026-0001,1,13,862,720,1,
on,invoice_ids,20,3,needle,INV-2026-0004,1,13,862,720,1,
on,invoice_ids,20,5,needle,INV-2026-0006,0,13,862,720,1,
on,invoice_ids,20,6,needle,INV-2026-0007,1,13,862,720,1,
on,invoice_ids,20,10,needle,INV-2026-0011,1,13,863,721,1,
on,invoice_ids,20,15,needle,INV-2026-0016,0,13,863,721,1,
on,invoice_ids,20,19,needle,INV-2026-0020,1,13,863,721,1,
on,invoice_ids,20,-1,count,,,13,845,703,1,7
on,invoice_ids,20,-1,first,,,13,831,689,1,7
on,invoice_ids,20,-1,spread,,,13,882,740,1,7
on,invoice_ids,60,0,needle,INV-2026-0001,1,15,1622,756,1,
on,invoice_ids,60,3,needle,INV-2026-0004,1,15,1622,756,1,
on,invoice_ids,60,15,needle,INV-2026-0016,0,15,1623,757,1,
on,invoice_ids,60,16,needle,INV-2026-0017,0,15,1623,757,1,
on,invoice_ids,60,30,needle,INV-2026-0031,1,15,1623,757,1,
on,invoice_ids,60,45,needle,INV-2026-0046,0,15,1623,757,1,
on,invoice_ids,60,59,needle,INV-2026-0060,1,15,1623,757,1,
on,invoice_ids,60,-1,count,,,15,1605,739,1,6
on,invoice_ids,60,-1,first,,,15,1591,725,1,6
on,invoice_ids,60,-1,spread,,,15,1642,776,1,6
on,invoice_ids,150,0,needle,INV-2026-0001,1,15,3333,757,1,
on,invoice_ids,150,3,needle,INV-2026-0004,1,15,3333,757,1,
on,invoice_ids,150,37,needle,INV-2026-0038,0,15,3334,758,1,
on,invoice_ids,150,38,needle,INV-2026-0039,0,15,3334,758,1,
on,invoice_ids,150,75,needle,INV-2026-0076,0,15,3334,758,1,
on,invoice_ids,150,112,needle,INV-2026-0113,1,15,3335,759,1,
on,invoice_ids,150,149,needle,INV-2026-0150,1,15,3335,759,1,
on,invoice_ids,150,-1,count,,,15,3316,740,1,5
on,invoice_ids,150,-1,first,,,15,3302,726,1,5
on,invoice_ids,150,-1,spread,,,15,3353,777,1,5
on,invoice_ids,400,0,needle,INV-2026-0001,1,15,8083,757,1,
on,invoice_ids,400,3,needle,INV-2026-0004,1,15,8083,757,1,
on,invoice_ids,400,100,needle,INV-2026-0101,0,15,8085,759,1,
on,invoice_ids,400,101,needle,INV-2026-0102,0,15,8085,759,1,
on,invoice_ids,400,200,needle,INV-2026-0201,0,15,8085,759,1,
on,invoice_ids,400,300,needle,INV-2026-0301,0,15,8085,759,1,
on,invoice_ids,400,399,needle,INV-2026-0400,1,15,8085,759,1,
on,invoice_ids,400,-1,count,,,15,8066,740,1,5
on,invoice_ids,400,-1,first,,,15,8052,726,1,5
on,invoice_ids,400,-1,spread,,,15,8103,777,1,5
on,invoice_ids,1000,0,needle,INV-2026-0001,1,15,19484,758,1,
on,invoice_ids,1000,3,needle,INV-2026-0004,1,15,19484,758,1,
on,invoice_ids,1000,250,needle,INV-2026-0251,0,15,19486,760,1,
on,invoice_ids,1000,251,needle,INV-2026-0252,0,15,19486,760,1,
on,invoice_ids,1000,500,needle,INV-2026-0501,0,15,19486,760,1,
on,invoice_ids,1000,750,needle,INV-2026-0751,0,15,19486,760,1,
on,invoice_ids,1000,999,needle,INV-2026-1000,1,15,19486,760,1,
on,invoice_ids,1000,-1,count,,,15,19467,741,1,5
on,invoice_ids,1000,-1,first,,,15,19453,727,1,5
on,invoice_ids,1000,-1,spread,,,15,19504,778,1,5
on,file_paths,20,0,needle,src/auth/manager_000.py,1,15,1117,956,1,
on,file_paths,20,3,needle,src/worker/manager_003.py,1,15,1121,960,1,
on,file_paths,20,5,needle,src/proxy/manager_005.py,1,15,1119,958,1,
on,file_paths,20,6,needle,src/codec/manager_006.py,1,15,1119,958,1,
on,file_paths,20,10,needle,src/worker/handler_010.py,1,15,1122,961,1,
on,file_paths,20,15,needle,src/billing/client_015.py,0,15,1122,961,1,
on,file_paths,20,19,needle,src/proxy/client_019.py,1,15,1118,957,1,
on,file_paths,20,-1,count,,,15,1070,909,1,10
on,file_paths,20,-1,first,,,15,1056,895,1,10
on,file_paths,20,-1,spread,,,15,1107,946,1,10
on,file_paths,60,0,needle,src/auth/manager_000.py,1,14,2301,911,1,
on,file_paths,60,3,needle,src/worker/manager_003.py,1,14,2305,915,1,
on,file_paths,60,15,needle,src/billing/client_015.py,0,14,2306,916,1,
on,file_paths,60,16,needle,src/session/client_016.py,0,14,2306,916,1,
on,file_paths,60,30,needle,src/session/router_030.py,0,14,2306,916,1,
on,file_paths,60,45,needle,src/worker/manager_045.py,0,14,2306,916,1,
on,file_paths,60,59,needle,src/worker/client_059.py,1,14,2304,914,1,
on,file_paths,60,-1,count,,,14,2254,864,1,5
on,file_paths,60,-1,first,,,14,2240,850,1,5
on,file_paths,60,-1,spread,,,14,2291,901,1,5
on,file_paths,150,0,needle,src/auth/manager_000.py,1,15,4960,940,1,
on,file_paths,150,3,needle,src/worker/manager_003.py,1,15,4964,944,1,
on,file_paths,150,37,needle,src/session/utils_037.py,0,15,4963,943,1,
on,file_paths,150,38,needle,src/worker/utils_038.py,0,15,4961,941,1,
on,file_paths,150,75,needle,src/proxy/router_075.py,0,15,4961,941,1,
on,file_paths,150,112,needle,src/auth/router_112.py,1,15,4960,940,1,
on,file_paths,150,149,needle,src/session/store_149.py,1,15,4964,944,1,
on,file_paths,150,-1,count,,,15,4913,893,1,4
on,file_paths,150,-1,first,,,15,4899,879,1,4
on,file_paths,150,-1,spread,,,15,4950,930,1,4
on,file_paths,400,0,needle,src/auth/manager_000.py,1,15,12352,943,1,
on,file_paths,400,3,needle,src/worker/manager_003.py,1,15,12356,947,1,
on,file_paths,400,100,needle,src/session/client_100.py,0,15,12358,949,1,
on,file_paths,400,101,needle,src/worker/client_101.py,0,15,12356,947,1,
on,file_paths,400,200,needle,src/cache/router_200.py,0,15,12354,945,1,
on,file_paths,400,300,needle,src/codec/manager_300.py,0,15,12356,947,1,
on,file_paths,400,399,needle,src/auth/store_399.py,1,15,12350,941,1,
on,file_paths,400,-1,count,,,15,12305,896,1,4
on,file_paths,400,-1,first,,,15,12291,882,1,4
on,file_paths,400,-1,spread,,,15,12342,933,1,4
on,file_paths,1000,0,needle,src/auth/manager_000.py,1,15,30092,954,1,
on,file_paths,1000,3,needle,src/worker/manager_003.py,1,15,30096,958,1,
on,file_paths,1000,250,needle,src/proxy/utils_250.py,0,15,30092,954,1,
on,file_paths,1000,251,needle,src/codec/utils_251.py,0,15,30092,954,1,
on,file_paths,1000,500,needle,src/worker/utils_500.py,0,15,30094,956,1,
on,file_paths,1000,750,needle,src/billing/utils_750.py,0,15,30096,958,1,
on,file_paths,1000,999,needle,src/proxy/router_999.py,1,15,30094,956,1,
on,file_paths,1000,-1,count,,,15,30045,907,1,4
on,file_paths,1000,-1,first,,,15,30031,893,1,4
on,file_paths,1000,-1,spread,,,15,30082,944,1,4
on,log_lines,20,0,needle,2026-08-14T09:00:00Z INFO worker-0 processed batch 4000 in 50ms,1,12,1950,1385,1,
on,log_lines,20,3,needle,2026-08-14T09:00:03Z INFO worker-3 processed batch 4003 in 53ms,1,12,1950,1385,1,
on,log_lines,20,5,needle,2026-08-14T09:00:05Z DEBUG worker-5 processed batch 4005 in 55ms,0,12,1952,1387,1,
on,log_lines,20,6,needle,2026-08-14T09:00:06Z INFO worker-6 processed batch 4006 in 56ms,1,12,1950,1385,1,
on,log_lines,20,10,needle,2026-08-14T09:00:10Z WARN worker-10 processed batch 4010 in 60ms,0,12,1953,1388,1,
on,log_lines,20,15,needle,2026-08-14T09:00:15Z INFO worker-15 processed batch 4015 in 65ms,1,12,1953,1388,1,
on,log_lines,20,19,needle,2026-08-14T09:00:19Z WARN worker-3 processed batch 4019 in 69ms,1,12,1951,1386,1,
on,log_lines,20,-1,count,,,12,1855,1290,1,6
on,log_lines,20,-1,first,,,12,1841,1276,1,6
on,log_lines,20,-1,spread,,,12,1892,1327,1,6
on,log_lines,60,0,needle,2026-08-14T09:00:00Z INFO worker-0 processed batch 4000 in 50ms,1,15,4748,1592,1,
on,log_lines,60,3,needle,2026-08-14T09:00:03Z INFO worker-3 processed batch 4003 in 53ms,1,15,4748,1592,1,
on,log_lines,60,15,needle,2026-08-14T09:00:15Z INFO worker-15 processed batch 4015 in 65ms,0,15,4751,1595,1,
on,log_lines,60,16,needle,2026-08-14T09:00:16Z WARN worker-0 processed batch 4016 in 66ms,1,15,4749,1593,1,
on,log_lines,60,30,needle,2026-08-14T09:00:30Z INFO worker-14 processed batch 4030 in 80ms,0,15,4751,1595,1,
on,log_lines,60,45,needle,2026-08-14T09:00:45Z INFO worker-13 processed batch 4045 in 95ms,0,15,4751,1595,1,
on,log_lines,60,59,needle,2026-08-14T09:00:59Z DEBUG worker-11 processed batch 4059 in 109ms,1,15,4755,1599,1,
on,log_lines,60,-1,count,,,15,4653,1497,1,7
on,log_lines,60,-1,first,,,15,4639,1483,1,7
on,log_lines,60,-1,spread,,,15,4690,1534,1,7
on,log_lines,150,0,needle,2026-08-14T09:00:00Z INFO worker-0 processed batch 4000 in 50ms,1,15,11063,1605,1,
on,log_lines,150,3,needle,2026-08-14T09:00:03Z INFO worker-3 processed batch 4003 in 53ms,1,15,11063,1605,1,
on,log_lines,150,37,needle,2026-08-14T09:00:37Z WARN worker-5 processed batch 4037 in 87ms,0,15,11064,1606,1,
on,log_lines,150,38,needle,2026-08-14T09:00:38Z DEBUG worker-6 processed batch 4038 in 88ms,0,15,11066,1608,1,
on,log_lines,150,75,needle,2026-08-14T09:01:15Z INFO worker-11 processed batch 4075 in 125ms,0,15,11068,1610,1,
on,log_lines,150,112,needle,2026-08-14T09:01:52Z WARN worker-0 processed batch 4112 in 72ms,0,15,11065,1607,1,
on,log_lines,150,149,needle,2026-08-14T09:02:29Z DEBUG worker-5 processed batch 4149 in 109ms,1,15,11069,1611,1,
on,log_lines,150,-1,count,,,15,10968,1510,1,6
on,log_lines,150,-1,first,,,15,10954,1496,1,6
on,log_lines,150,-1,spread,,,15,11005,1547,1,6
on,log_lines,400,0,needle,2026-08-14T09:00:00Z INFO worker-0 processed batch 4000 in 50ms,1,30,28602,2668,1,
on,log_lines,400,3,needle,2026-08-14T09:00:03Z INFO worker-3 processed batch 4003 in 53ms,1,30,28602,2668,1,
on,log_lines,400,100,needle,2026-08-14T09:01:40Z WARN worker-4 processed batch 4100 in 60ms,0,30,28604,2670,1,
on,log_lines,400,101,needle,2026-08-14T09:01:41Z DEBUG worker-5 processed batch 4101 in 61ms,0,30,28606,2672,1,
on,log_lines,400,200,needle,2026-08-14T09:03:20Z DEBUG worker-8 processed batch 4200 in 70ms,0,30,28606,2672,1,
on,log_lines,400,300,needle,2026-08-14T09:05:00Z INFO worker-12 processed batch 4300 in 80ms,0,30,28606,2672,1,
on,log_lines,400,399,needle,2026-08-14T09:06:39Z INFO worker-15 processed batch 4399 in 89ms,1,30,28606,2672,1,
on,log_lines,400,-1,count,,,30,28507,2573,1,4
on,log_lines,400,-1,first,,,30,28493,2559,1,4
on,log_lines,400,-1,spread,,,30,28544,2610,1,4
on,log_lines,1000,0,needle,2026-08-14T09:00:00Z INFO worker-0 processed batch 4000 in 50ms,1,68,70705,5364,1,
on,log_lines,1000,3,needle,2026-08-14T09:00:03Z INFO worker-3 processed batch 4003 in 53ms,1,68,70705,5364,1,
on,log_lines,1000,250,needle,2026-08-14T09:04:10Z WARN worker-10 processed batch 4250 in 120ms,0,68,70711,5370,1,
on,log_lines,1000,251,needle,2026-08-14T09:04:11Z DEBUG worker-11 processed batch 4251 in 121ms,1,68,70713,5372,1,
on,log_lines,1000,500,needle,2026-08-14T09:08:20Z DEBUG worker-4 processed batch 4500 in 100ms,0,68,70711,5370,1,
on,log_lines,1000,750,needle,2026-08-14T09:12:30Z INFO worker-14 processed batch 4750 in 80ms,0,68,70709,5368,1,
on,log_lines,1000,999,needle,2026-08-14T09:16:39Z INFO worker-7 processed batch 4999 in 59ms,1,68,70707,5366,1,
on,log_lines,1000,-1,count,,,68,70610,5269,1,4
on,log_lines,1000,-1,first,,,68,70596,5255,1,4
on,log_lines,1000,-1,spread,,,68,70647,5306,1,4
on,test_names,20,0,needle,tests/unit/test_session_manager.py::test_refresh_expired_token_000,1,13,1874,1411,1,
on,test_names,20,3,needle,tests/unit/test_cache_layer.py::test_evict_lru_entry_003,1,13,1854,1391,1,
on,test_names,20,5,needle,tests/unit/test_billing_engine.py::test_refresh_expired_token_005,0,13,1872,1409,1,
on,test_names,20,6,needle,tests/unit/test_auth_flow.py::test_reject_bad_signature_006,1,13,1860,1397,1,
on,test_names,20,10,needle,tests/unit/test_auth_flow.py::test_refresh_expired_token_010,0,13,1863,1400,1,
on,test_names,20,15,needle,tests/unit/test_cache_layer.py::test_refresh_expired_token_015,1,13,1867,1404,1,
on,test_names,20,19,needle,tests/unit/test_cache_layer.py::test_parse_iso_timestamp_019,1,13,1863,1400,1,
on,test_names,20,-1,count,,,13,1777,1314,1,8
on,test_names,20,-1,first,,,13,1763,1300,1,8
on,test_names,20,-1,spread,,,13,1814,1351,1,8
on,test_names,60,0,needle,tests/unit/test_session_manager.py::test_refresh_expired_token_000,1,15,4500,1522,1,
on,test_names,60,3,needle,tests/unit/test_cache_layer.py::test_evict_lru_entry_003,1,15,4480,1502,1,
on,test_names,60,15,needle,tests/unit/test_cache_layer.py::test_refresh_expired_token_015,0,15,4493,1515,1,
on,test_names,60,16,needle,tests/unit/test_session_manager.py::test_reject_bad_signature_016,1,15,4499,1521,1,
on,test_names,60,30,needle,tests/unit/test_auth_flow.py::test_refresh_expired_token_030,0,15,4489,1511,1,
on,test_names,60,45,needle,tests/unit/test_billing_engine.py::test_refresh_expired_token_045,0,15,4499,1521,1,
on,test_names,60,59,needle,tests/unit/test_cache_layer.py::test_parse_iso_timestamp_059,1,15,4489,1511,1,
on,test_names,60,-1,count,,,15,4403,1425,1,6
on,test_names,60,-1,first,,,15,4389,1411,1,6
on,test_names,60,-1,spread,,,15,4440,1462,1,6
on,test_names,150,0,needle,tests/unit/test_session_manager.py::test_refresh_expired_token_000,1,17,10414,1614,1,
on,test_names,150,3,needle,tests/unit/test_cache_layer.py::test_evict_lru_entry_003,1,17,10394,1594,1,
on,test_names,150,37,needle,tests/unit/test_billing_engine.py::test_retry_on_429_037,0,17,10395,1595,1,
on,test_names,150,38,needle,tests/unit/test_auth_flow.py::test_evict_lru_entry_038,0,17,10391,1591,1,
on,test_names,150,75,needle,tests/unit/test_cache_layer.py::test_refresh_expired_token_075,0,17,10407,1607,1,
on,test_names,150,112,needle,tests/unit/test_session_manager.py::test_retry_on_429_112,0,17,10398,1598,1,
on,test_names,150,149,needle,tests/unit/test_billing_engine.py::test_parse_iso_timestamp_149,1,17,10410,1610,1,
on,test_names,150,-1,count,,,17,10317,1517,1,6
on,test_names,150,-1,first,,,17,10303,1503,1,6
on,test_names,150,-1,spread,,,17,10354,1554,1,6
on,test_names,400,0,needle,tests/unit/test_session_manager.py::test_refresh_expired_token_000,1,29,26822,2277,1,
on,test_names,400,3,needle,tests/unit/test_cache_layer.py::test_evict_lru_entry_003,1,29,26802,2257,1,
on,test_names,400,100,needle,tests/unit/test_session_manager.py::test_refresh_expired_token_100,0,29,26824,2279,1,
on,test_names,400,101,needle,tests/unit/test_billing_engine.py::test_reject_bad_signature_101,0,29,26820,2275,1,
on,test_names,400,200,needle,tests/unit/test_session_manager.py::test_refresh_expired_token_200,0,29,26824,2279,1,
on,test_names,400,300,needle,tests/unit/test_session_manager.py::test_refresh_expired_token_300,0,29,26824,2279,1,
on,test_names,400,399,needle,tests/unit/test_cache_layer.py::test_parse_iso_timestamp_399,1,29,26812,2267,1,
on,test_names,400,-1,count,,,29,26725,2180,1,6
on,test_names,400,-1,first,,,29,26711,2166,1,6
on,test_names,400,-1,spread,,,29,26762,2217,1,6
on,test_names,1000,0,needle,tests/unit/test_session_manager.py::test_refresh_expired_token_000,1,59,66213,3958,1,
on,test_names,1000,3,needle,tests/unit/test_cache_layer.py::test_evict_lru_entry_003,1,59,66193,3938,1,
on,test_names,1000,250,needle,tests/unit/test_auth_flow.py::test_refresh_expired_token_250,0,59,66203,3948,1,
on,test_names,1000,251,needle,tests/unit/test_cache_layer.py::test_reject_bad_signature_251,0,59,66205,3950,1,
on,test_names,1000,500,needle,tests/unit/test_session_manager.py::test_refresh_expired_token_500,0,59,66215,3960,1,
on,test_names,1000,750,needle,tests/unit/test_auth_flow.py::test_refresh_expired_token_750,0,59,66203,3948,1,
on,test_names,1000,999,needle,tests/unit/test_cache_layer.py::test_parse_iso_timestamp_999,1,59,66203,3948,1,
on,test_names,1000,-1,count,,,59,66116,3861,1,6
on,test_names,1000,-1,first,,,59,66102,3847,1,6
on,test_names,1000,-1,spread,,,59,66153,3898,1,6
on,numeric_ids,20,0,needle,8800000,1,15,724,648,1,
on,numeric_ids,20,3,needle,8800111,1,15,724,648,1,
on,numeric_ids,20,5,needle,8800185,1,15,724,648,1,
on,numeric_ids,20,6,needle,8800222,1,15,724,648,1,
on,numeric_ids,20,10,needle,8800370,1,15,725,649,1,
on,numeric_ids,20,15,needle,8800555,0,15,725,649,1,
on,numeric_ids,20,19,needle,8800703,1,15,725,649,1,
on,numeric_ids,20,-1,count,,,15,725,649,1,10
on,numeric_ids,20,-1,first,,,15,711,635,1,10
on,numeric_ids,20,-1,spread,,,15,762,686,1,10
on,numeric_ids,60,0,needle,8800000,1,15,1244,648,1,
on,numeric_ids,60,3,needle,8800111,1,15,1244,648,1,
on,numeric_ids,60,15,needle,8800555,1,15,1245,649,1,
on,numeric_ids,60,16,needle,8800592,0,15,1245,649,1,
on,numeric_ids,60,30,needle,8801110,1,15,1245,649,1,
on,numeric_ids,60,45,needle,8801665,1,15,1245,649,1,
on,numeric_ids,60,59,needle,8802183,1,15,1245,649,1,
on,numeric_ids,60,-1,count,,,15,1245,649,1,5
on,numeric_ids,60,-1,first,,,15,1231,635,1,5
on,numeric_ids,60,-1,spread,,,15,1282,686,1,5
on,numeric_ids,150,0,needle,8800000,1,15,2415,649,1,
on,numeric_ids,150,3,needle,8800111,1,15,2415,649,1,
on,numeric_ids,150,37,needle,8801369,0,15,2416,650,1,
on,numeric_ids,150,38,needle,8801406,0,15,2416,650,1,
on,numeric_ids,150,75,needle,8802775,0,15,2416,650,1,
on,numeric_ids,150,112,needle,8804144,1,15,2417,651,1,
on,numeric_ids,150,149,needle,8805513,1,15,2417,651,1,
on,numeric_ids,150,-1,count,,,15,2416,650,1,4
on,numeric_ids,150,-1,first,,,15,2402,636,1,4
on,numeric_ids,150,-1,spread,,,15,2453,687,1,4
on,numeric_ids,400,0,needle,8800000,1,15,5665,649,1,
on,numeric_ids,400,3,needle,8800111,1,15,5665,649,1,
on,numeric_ids,400,100,needle,8803700,0,15,5667,651,1,
on,numeric_ids,400,101,needle,8803737,0,15,5667,651,1,
on,numeric_ids,400,200,needle,8807400,0,15,5667,651,1,
on,numeric_ids,400,300,needle,8811100,0,15,5667,651,1,
on,numeric_ids,400,399,needle,8814763,1,15,5667,651,1,
on,numeric_ids,400,-1,count,,,15,5666,650,1,4
on,numeric_ids,400,-1,first,,,15,5652,636,1,4
on,numeric_ids,400,-1,spread,,,15,5703,687,1,4
on,numeric_ids,1000,0,needle,8800000,1,15,13466,650,1,
on,numeric_ids,1000,3,needle,8800111,1,15,13466,650,1,
on,numeric_ids,1000,250,needle,8809250,0,15,13468,652,1,
on,numeric_ids,1000,251,needle,8809287,0,15,13468,652,1,
on,numeric_ids,1000,500,needle,8818500,0,15,13468,652,1,
on,numeric_ids,1000,750,needle,8827750,0,15,13468,652,1,
on,numeric_ids,1000,999,needle,8836963,1,15,13468,652,1,
on,numeric_ids,1000,-1,count,,,15,13467,651,1,4
on,numeric_ids,1000,-1,first,,,15,13453,637,1,4
on,numeric_ids,1000,-1,spread,,,15,13504,688,1,4
